<?xml version="1.0" encoding="UTF-8"?>
<project-private xmlns="http://www.netbeans.org/ns/project-private/1">
    <editor-bookmarks xmlns="http://www.netbeans.org/ns/editor-bookmarks/2" lastBookmarkId="0"/>
    <open-files xmlns="http://www.netbeans.org/ns/projectui-open-files/2">
        <group>
            <file>file:/C:/Users/Julian%20Duque%20G/Documents/NetBeansProjects/LaRockola/web/canciones.jsp</file>
            <file>file:/C:/Users/Julian%20Duque%20G/Documents/NetBeansProjects/LaRockola/web/peticionesCancion.jsp</file>
            <file>file:/C:/Users/Julian%20Duque%20G/Documents/NetBeansProjects/LaRockola/src/java/logica/Cancion.java</file>
        </group>
    </open-files>
</project-private>
